{"train Loss": NaN, "train Accuracy": 0.5255102040816326, "_step": 69, "_runtime": 1101, "_timestamp": 1606950616, "valid Loss": NaN, "valid Accuracy": 0.5178571428571429}