{"train Loss": NaN, "train Accuracy": 0.5255102040816326, "_step": 25, "_runtime": 406, "_timestamp": 1606949921, "valid Loss": NaN, "valid Accuracy": 0.5178571428571429}